state,year,constituency_no,constituency_name,district,region_group,winner_candidate,winner_party,winner_votes,winner_vote_share,runnerup_candidate,runnerup_party,runnerup_votes,runnerup_vote_share,margin,total_votes,result_status,source_url,source_last_updated,data_version
Tamil Nadu,2026,1,GUMMIDIPOONDI,Thiruvallur,,S.VIJAYAKUMAR,TVK,94320,40.56,SUDHAKAR.V,ADMK,66375,28.55,27945,232522,Result Declared,https://results.eci.gov.in/ResultAcGenMay2026/ConstituencywiseS221.htm,04:18 PM On 05/05/2026,official_public_snapshot_2026_05_05_1618
Tamil Nadu,2026,2,PONNERI,Thiruvallur,,DR.RAVI.M.S,TVK,110439,48.69,DURAI CHANDRASEKAR,INC,54671,24.1,55768,226819,Result Declared,https://results.eci.gov.in/ResultAcGenMay2026/ConstituencywiseS222.htm,04:18 PM On 05/05/2026,official_public_snapshot_2026_05_05_1618
Tamil Nadu,2026,3,TIRUTTANI,Thiruvallur,,G.HARI,ADMK,89169,37.34,M.SATHYA KUMAR,TVK,83376,34.91,5793,238798,Result Declared,https://results.eci.gov.in/ResultAcGenMay2026/ConstituencywiseS223.htm,04:18 PM On 05/05/2026,official_public_snapshot_2026_05_05_1618
Tamil Nadu,2026,4,THIRUVALLUR,Thiruvallur,,DR. T. ARUNKUMAR,TVK,92190,40.71,V.G. RAAJENDRAN,DMK,67430,29.78,24760,226428,Result Declared,https://results.eci.gov.in/ResultAcGenMay2026/ConstituencywiseS224.htm,04:18 PM On 05/05/2026,official_public_snapshot_2026_05_05_1618
Tamil Nadu,2026,5,POONAMALLEE,Thiruvallur,Chennai Urban Belt,PRAKASAM.R,TVK,161309,52.22,KRISHNASWAMY.A,DMK,88569,28.67,72740,308894,Result Declared,https://results.eci.gov.in/ResultAcGenMay2026/ConstituencywiseS225.htm,04:18 PM On 05/05/2026,official_public_snapshot_2026_05_05_1618
Tamil Nadu,2026,6,AVADI,Thiruvallur,Chennai Urban Belt,R.RAMESH KUMAR,TVK,180384,52.13,S.M.NASAR,DMK,104073,30.08,76311,346005,Result Declared,https://results.eci.gov.in/ResultAcGenMay2026/ConstituencywiseS226.htm,04:18 PM On 05/05/2026,official_public_snapshot_2026_05_05_1618
Tamil Nadu,2026,7,MADURAVOYAL,Thiruvallur,Chennai Urban Belt,RHEVANTH CHARAN,TVK,141725,48.26,GANAPATHY. K,DMK,80216,27.31,61509,293692,Result Declared,https://results.eci.gov.in/ResultAcGenMay2026/ConstituencywiseS227.htm,04:18 PM On 05/05/2026,official_public_snapshot_2026_05_05_1618
Tamil Nadu,2026,8,AMBATTUR,Thiruvallur,Chennai Urban Belt,BALAMURUGAN.G,TVK,133339,51.29,DR A.P. POORNIMA,DMK,74558,28.68,58781,259986,Result Declared,https://results.eci.gov.in/ResultAcGenMay2026/ConstituencywiseS228.htm,04:18 PM On 05/05/2026,official_public_snapshot_2026_05_05_1618
Tamil Nadu,2026,9,MADAVARAM,Thiruvallur,Chennai Urban Belt,M.L.VIJAYPRABHU,TVK,190462,52.61,S.SUDHARSANAM,DMK,95477,26.38,94985,361998,Result Declared,https://results.eci.gov.in/ResultAcGenMay2026/ConstituencywiseS229.htm,04:18 PM On 05/05/2026,official_public_snapshot_2026_05_05_1618
Tamil Nadu,2026,10,THIRUVOTTIYUR,Thiruvallur,Chennai Urban Belt,SENTHIL KUMAR. N,TVK,110067,53.15,SUNDARARAJ. L,CPI(M),56503,27.28,53564,207088,Result Declared,https://results.eci.gov.in/ResultAcGenMay2026/ConstituencywiseS2210.htm,04:18 PM On 05/05/2026,official_public_snapshot_2026_05_05_1618
Tamil Nadu,2026,11,DR.RADHAKRISHNAN NAGAR,Chennai,Chennai Administrative District,N. MARIE WILSON,TVK,97800,53.97,J. JOHN EBENEZER,DMK,48132,26.56,49668,181206,Result Declared,https://results.eci.gov.in/ResultAcGenMay2026/ConstituencywiseS2211.htm,04:18 PM On 05/05/2026,official_public_snapshot_2026_05_05_1618
Tamil Nadu,2026,12,PERAMBUR,Chennai,Chennai Administrative District,C. JOSEPH VIJAY,TVK,120365,58.89,R.D. SHEKAR,DMK,66650,32.61,53715,204384,Result Declared,https://results.eci.gov.in/ResultAcGenMay2026/ConstituencywiseS2212.htm,04:18 PM On 05/05/2026,official_public_snapshot_2026_05_05_1618
Tamil Nadu,2026,13,KOLATHUR,Chennai,Chennai Administrative District,V. S. BABU,TVK,82997,45.09,M. K. STALIN,DMK,74202,40.32,8795,184051,Result Declared,https://results.eci.gov.in/ResultAcGenMay2026/ConstituencywiseS2213.htm,04:18 PM On 05/05/2026,official_public_snapshot_2026_05_05_1618
Tamil Nadu,2026,14,VILLIVAKKAM,Chennai,Chennai Administrative District,AADHAV ARJUNA,TVK,66445,46.97,KARTHIK MOHAN,DMK,49143,34.74,17302,141452,Result Declared,https://results.eci.gov.in/ResultAcGenMay2026/ConstituencywiseS2214.htm,04:18 PM On 05/05/2026,official_public_snapshot_2026_05_05_1618
Tamil Nadu,2026,15,THIRU-VI-KA-NAGAR,Chennai,Chennai Administrative District,M. R. PALLAVI,TVK,69125,48.04,K. S. RAVICHANDRAN,DMK,46792,32.52,22333,143903,Result Declared,https://results.eci.gov.in/ResultAcGenMay2026/ConstituencywiseS2215.htm,04:18 PM On 05/05/2026,official_public_snapshot_2026_05_05_1618
Tamil Nadu,2026,16,EGMORE,Chennai,Chennai Administrative District,RAJMOHAN,TVK,53901,45.02,TAMILAN PRASANNA,DMK,43097,35.99,10804,119738,Result Declared,https://results.eci.gov.in/ResultAcGenMay2026/ConstituencywiseS2216.htm,04:18 PM On 05/05/2026,official_public_snapshot_2026_05_05_1618
Tamil Nadu,2026,17,ROYAPURAM,Chennai,Chennai Administrative District,K.V. VIJAY DAMU,TVK,59091,46.4,DR. A. SUBAIR KHAN,DMK,44842,35.21,14249,127356,Result Declared,https://results.eci.gov.in/ResultAcGenMay2026/ConstituencywiseS2217.htm,04:18 PM On 05/05/2026,official_public_snapshot_2026_05_05_1618
Tamil Nadu,2026,18,HARBOUR,Chennai,Chennai Administrative District,P K SEKARBABU,DMK,45254,45.43,SINORA P S ASHOK,TVK,33504,33.63,11750,99622,Result Declared,https://results.eci.gov.in/ResultAcGenMay2026/ConstituencywiseS2218.htm,04:18 PM On 05/05/2026,official_public_snapshot_2026_05_05_1618
Tamil Nadu,2026,19,CHEPAUK-THIRUVALLIKENI,Chennai,Chennai Administrative District,UDHAYANIDHI STALIN,DMK,62992,44.76,SELVAM. D,TVK,55852,39.68,7140,140741,Result Declared,https://results.eci.gov.in/ResultAcGenMay2026/ConstituencywiseS2219.htm,04:18 PM On 05/05/2026,official_public_snapshot_2026_05_05_1618
Tamil Nadu,2026,20,THOUSAND LIGHTS,Chennai,Chennai Administrative District,PRABHAKAR.J.C.D,TVK,58965,44.73,EZHILAN NAGANATHAN,DMK,43824,33.24,15141,131824,Result Declared,https://results.eci.gov.in/ResultAcGenMay2026/ConstituencywiseS2220.htm,04:18 PM On 05/05/2026,official_public_snapshot_2026_05_05_1618
Tamil Nadu,2026,21,ANNA NAGAR,Chennai,Chennai Administrative District,V.K.RAMKUMAR,TVK,71375,43.7,N.CHITRARASU,DMK,50012,30.62,21363,163339,Result Declared,https://results.eci.gov.in/ResultAcGenMay2026/ConstituencywiseS2221.htm,04:18 PM On 05/05/2026,official_public_snapshot_2026_05_05_1618
Tamil Nadu,2026,22,VIRUGAMPAKKAM,Chennai,Chennai Administrative District,SABARINATHAN.R,TVK,76092,44.03,PRABHAKARA RAJA.A.M.V,DMK,49006,28.35,27086,172831,Result Declared,https://results.eci.gov.in/ResultAcGenMay2026/ConstituencywiseS2222.htm,04:18 PM On 05/05/2026,official_public_snapshot_2026_05_05_1618
Tamil Nadu,2026,23,SAIDAPET,Chennai,Chennai Administrative District,ARUL PRAKASAM. M,TVK,81205,50.63,SUBRAMANIAN. MA,DMK,52691,32.85,28514,160401,Result Declared,https://results.eci.gov.in/ResultAcGenMay2026/ConstituencywiseS2223.htm,04:18 PM On 05/05/2026,official_public_snapshot_2026_05_05_1618
Tamil Nadu,2026,24,THIYAGARAYANAGAR,Chennai,Chennai Administrative District,ANAND N,TVK,51632,38.55,SATHIYANARAYANAN B,ADMK,38605,28.83,13027,133928,Result Declared,https://results.eci.gov.in/ResultAcGenMay2026/ConstituencywiseS2224.htm,04:18 PM On 05/05/2026,official_public_snapshot_2026_05_05_1618
Tamil Nadu,2026,25,MYLAPORE,Chennai,Chennai Administrative District,VENKATARAMANAN. P,TVK,70070,46.53,VELU. DHA,DMK,41098,27.29,28972,150594,Result Declared,https://results.eci.gov.in/ResultAcGenMay2026/ConstituencywiseS2225.htm,04:18 PM On 05/05/2026,official_public_snapshot_2026_05_05_1618
Tamil Nadu,2026,26,VELACHERY,Chennai,Chennai Administrative District,KUMAR. R,TVK,80430,43.52,ASHOK. M.K,ADMK,47125,25.5,33305,184815,Result Declared,https://results.eci.gov.in/ResultAcGenMay2026/ConstituencywiseS2226.htm,04:18 PM On 05/05/2026,official_public_snapshot_2026_05_05_1618
Tamil Nadu,2026,27,SHOZHINGANALLUR,Chengalpattu,Chennai Urban Belt,ECR P SARAVANAN,TVK,220382,49.27,S. ARAVIND RAMESH,DMK,123602,27.63,96780,447295,Result Declared,https://results.eci.gov.in/ResultAcGenMay2026/ConstituencywiseS2227.htm,04:18 PM On 05/05/2026,official_public_snapshot_2026_05_05_1618
Tamil Nadu,2026,28,ALANDUR,Chengalpattu,Chennai Urban Belt,M.HARISH,TVK,112205,42.9,T.M.ANBARASAN,DMK,82596,31.58,29609,261570,Result Declared,https://results.eci.gov.in/ResultAcGenMay2026/ConstituencywiseS2228.htm,04:18 PM On 05/05/2026,official_public_snapshot_2026_05_05_1618
Tamil Nadu,2026,29,SRIPERUMBUDUR,Kancheepuram,Chennai Urban Belt,THENNARASU.K,TVK,147611,44.58,K. SELVAPERUNTHAGAI,INC,93365,28.2,54246,331088,Result Declared,https://results.eci.gov.in/ResultAcGenMay2026/ConstituencywiseS2229.htm,04:18 PM On 05/05/2026,official_public_snapshot_2026_05_05_1618
Tamil Nadu,2026,30,PALLAVARAM,Chengalpattu,Chennai Urban Belt,J.KAMATCHI,TVK,133611,47.1,D.MURUGESAN,DMDK,78918,27.82,54693,283677,Result Declared,https://results.eci.gov.in/ResultAcGenMay2026/ConstituencywiseS2230.htm,04:18 PM On 05/05/2026,official_public_snapshot_2026_05_05_1618
Tamil Nadu,2026,31,TAMBARAM,Chengalpattu,Chennai Urban Belt,D.SARATHKUMAR,TVK,118967,42.67,R.S.KIRUTHIKA DEVI,DMK,83346,29.89,35621,278809,Result Declared,https://results.eci.gov.in/ResultAcGenMay2026/ConstituencywiseS2231.htm,04:18 PM On 05/05/2026,official_public_snapshot_2026_05_05_1618
Tamil Nadu,2026,32,CHENGALPATTU,Chengalpattu,Chennai Urban Belt,S. THIYAGARAJAN,TVK,137136,42.32,KARTHIKDHANDAPANI,DMK,101495,31.32,35641,324010,Result Declared,https://results.eci.gov.in/ResultAcGenMay2026/ConstituencywiseS2232.htm,04:18 PM On 05/05/2026,official_public_snapshot_2026_05_05_1618
Tamil Nadu,2026,33,THIRUPORUR,Chengalpattu,Chennai Urban Belt,B.VIJAYARAJ,TVK,110095,41.96,R. PANNEERDOSS,VCK,70744,26.96,39351,262409,Result Declared,https://results.eci.gov.in/ResultAcGenMay2026/ConstituencywiseS2233.htm,04:18 PM On 05/05/2026,official_public_snapshot_2026_05_05_1618
Tamil Nadu,2026,34,CHEYYUR,Chengalpattu,Chennai Urban Belt,RAJASEKAR. E,ADMK,63809,34.02,MOHAN RAJA.M.G.K,TVK,58141,30.99,5668,187584,Result Declared,https://results.eci.gov.in/ResultAcGenMay2026/ConstituencywiseS2234.htm,04:18 PM On 05/05/2026,official_public_snapshot_2026_05_05_1618
Tamil Nadu,2026,35,MADURANTAKAM,Chengalpattu,Chennai Urban Belt,MARAGATHAM KUMARAVEL.K,ADMK,69284,34.95,EZHIL KATHARINE EZHILMALAI,TVK,62090,31.32,7194,198251,Result Declared,https://results.eci.gov.in/ResultAcGenMay2026/ConstituencywiseS2235.htm,04:18 PM On 05/05/2026,official_public_snapshot_2026_05_05_1618
Tamil Nadu,2026,36,UTHIRAMERUR,Kancheepuram,,MUNIRATHINAM.J,TVK,84917,37.28,SUNDAR.K,DMK,70694,31.04,14223,227765,Result Declared,https://results.eci.gov.in/ResultAcGenMay2026/ConstituencywiseS2236.htm,04:18 PM On 05/05/2026,official_public_snapshot_2026_05_05_1618
Tamil Nadu,2026,37,KANCHEEPURAM,Kancheepuram,,R.V. RANJITHKUMAR,TVK,91350,37.09,V. SOMASUNDARAM,ADMK,75862,30.8,15488,246317,Result Declared,https://results.eci.gov.in/ResultAcGenMay2026/ConstituencywiseS2237.htm,04:18 PM On 05/05/2026,official_public_snapshot_2026_05_05_1618
Tamil Nadu,2026,38,ARAKKONAM,Ranipet,,V. GANDHIRAJ,TVK,73776,40.46,EZHIL CAROLINE,VCK,50655,27.78,23121,182340,Result Declared,https://results.eci.gov.in/ResultAcGenMay2026/ConstituencywiseS2238.htm,04:18 PM On 05/05/2026,official_public_snapshot_2026_05_05_1618
Tamil Nadu,2026,39,SHOLINGUR,Ranipet,,G.KAPIL,TVK,84506,36.16,K.SARAVANAN,PMK,78820,33.73,5686,233684,Result Declared,https://results.eci.gov.in/ResultAcGenMay2026/ConstituencywiseS2239.htm,04:18 PM On 05/05/2026,official_public_snapshot_2026_05_05_1618
Tamil Nadu,2026,40,KATPADI,Vellore,,DR M SUDHAKAR,TVK,69868,34.33,V. RAMU,ADMK,63998,31.45,5870,203497,Result Declared,https://results.eci.gov.in/ResultAcGenMay2026/ConstituencywiseS2240.htm,04:18 PM On 05/05/2026,official_public_snapshot_2026_05_05_1618
Tamil Nadu,2026,41,RANIPET,Ranipet,,THAHIRA,TVK,91149,41.24,R. GANDHI,DMK,85362,38.62,5787,221038,Result Declared,https://results.eci.gov.in/ResultAcGenMay2026/ConstituencywiseS2241.htm,04:18 PM On 05/05/2026,official_public_snapshot_2026_05_05_1618
Tamil Nadu,2026,42,ARCOT,Ranipet,,S.M.SUKUMAR,ADMK,105608,46.77,G.VIJAY MOHAN,TVK,62888,27.85,42720,225786,Result Declared,https://results.eci.gov.in/ResultAcGenMay2026/ConstituencywiseS2242.htm,04:18 PM On 05/05/2026,official_public_snapshot_2026_05_05_1618
Tamil Nadu,2026,43,VELLORE,Vellore,,M.M.VINOTH KANNAN,TVK,73032,38.33,P.KARTHIKEYAN,DMK,66255,34.77,6777,190527,Result Declared,https://results.eci.gov.in/ResultAcGenMay2026/ConstituencywiseS2243.htm,04:18 PM On 05/05/2026,official_public_snapshot_2026_05_05_1618
Tamil Nadu,2026,44,ANAIKATTU,Vellore,,D.VELAZHAGAN,ADMK,76302,35.27,A.P.NANDAKUMAR,DMK,69221,32.0,7081,216318,Result Declared,https://results.eci.gov.in/ResultAcGenMay2026/ConstituencywiseS2244.htm,04:18 PM On 05/05/2026,official_public_snapshot_2026_05_05_1618
Tamil Nadu,2026,45,KILVAITHINANKUPPAM,Vellore,,THENRAL KUMAR. E,TVK,74305,39.13,JEGAN MOORTHY. M,ADMK,54050,28.46,20255,189892,Result Declared,https://results.eci.gov.in/ResultAcGenMay2026/ConstituencywiseS2245.htm,04:18 PM On 05/05/2026,official_public_snapshot_2026_05_05_1618
Tamil Nadu,2026,46,GUDIYATTAM,Vellore,,K.SINDU,TVK,82858,36.17,K.B.PRADAP,DMDK,72761,31.76,10097,229076,Result Declared,https://results.eci.gov.in/ResultAcGenMay2026/ConstituencywiseS2246.htm,04:18 PM On 05/05/2026,official_public_snapshot_2026_05_05_1618
Tamil Nadu,2026,47,VANIYAMBADI,Tirupattur,,SYED FAROOQ BASHA SSB,IUML,73181,34.43,SYED BHURHANUDEEN,TVK,70199,33.03,2982,212534,Result Declared,https://results.eci.gov.in/ResultAcGenMay2026/ConstituencywiseS2247.htm,04:18 PM On 05/05/2026,official_public_snapshot_2026_05_05_1618
Tamil Nadu,2026,48,AMBUR,Tirupattur,,VILWANATHAN. A.C.,DMK,74102,37.89,IMTHIYAZ PANDARATTUDU ABDU,TVK,66971,34.24,7131,195584,Result Declared,https://results.eci.gov.in/ResultAcGenMay2026/ConstituencywiseS2248.htm,04:18 PM On 05/05/2026,official_public_snapshot_2026_05_05_1618
Tamil Nadu,2026,49,JOLARPET,Tirupattur,,VEERAMANI K.C.,ADMK,78633,36.91,MUNISAMY C,TVK,62550,29.36,16083,213042,Result Declared,https://results.eci.gov.in/ResultAcGenMay2026/ConstituencywiseS2249.htm,04:18 PM On 05/05/2026,official_public_snapshot_2026_05_05_1618
Tamil Nadu,2026,50,TIRUPPATTUR,Tirupattur,,DR.THIRUPATHI. N,TVK,105098,51.79,NALLATHAMBI. A,DMK,56835,28.01,48263,202925,Result Declared,https://results.eci.gov.in/ResultAcGenMay2026/ConstituencywiseS2250.htm,04:18 PM On 05/05/2026,official_public_snapshot_2026_05_05_1618
Tamil Nadu,2026,51,UTHANGARAI,Krishnagiri,,N ELAIYARAJA,TVK,70201,34.16,T M  TAMILSELVAM,ADMK,65003,31.63,5198,205530,Result Declared,https://results.eci.gov.in/ResultAcGenMay2026/ConstituencywiseS2251.htm,04:18 PM On 05/05/2026,official_public_snapshot_2026_05_05_1618
Tamil Nadu,2026,52,BARGUR,Krishnagiri,,E.C. GOVINDARASAN,ADMK,71240,33.3,E. MURALIDHARAN,TVK,66999,31.31,4241,213960,Result Declared,https://results.eci.gov.in/ResultAcGenMay2026/ConstituencywiseS2252.htm,04:18 PM On 05/05/2026,official_public_snapshot_2026_05_05_1618
Tamil Nadu,2026,53,KRISHNAGIRI,Krishnagiri,,MUKUNDHAN.P,TVK,89374,38.83,ASHOKKUMAR.K,ADMK,70530,30.64,18844,230181,Result Declared,https://results.eci.gov.in/ResultAcGenMay2026/ConstituencywiseS2253.htm,04:18 PM On 05/05/2026,official_public_snapshot_2026_05_05_1618
Tamil Nadu,2026,54,VEPPANAHALLI,Krishnagiri,,SRINIVASAN.P.S,DMK,74691,33.55,MUNUSAMY.K.P,ADMK,74553,33.49,138,222608,Result Declared,https://results.eci.gov.in/ResultAcGenMay2026/ConstituencywiseS2254.htm,04:18 PM On 05/05/2026,official_public_snapshot_2026_05_05_1618
Tamil Nadu,2026,55,HOSUR,Krishnagiri,,BALAKRISHNAREDDY. P,ADMK,109867,39.55,VENDARKARASAN.S,TVK,82064,29.54,27803,277770,Result Declared,https://results.eci.gov.in/ResultAcGenMay2026/ConstituencywiseS2255.htm,04:18 PM On 05/05/2026,official_public_snapshot_2026_05_05_1618
Tamil Nadu,2026,56,THALLI,Krishnagiri,,RAMACHANDRAN. T,CPI,78283,38.02,DR.NAGESH KUMAR. C,BJP,73043,35.48,5240,205878,Result Declared,https://results.eci.gov.in/ResultAcGenMay2026/ConstituencywiseS2256.htm,04:18 PM On 05/05/2026,official_public_snapshot_2026_05_05_1618
Tamil Nadu,2026,57,PALACODU,Dharmapuri,,ANBALAGAN. K.P.,ADMK,102807,45.64,GOPI. R.,TVK,63765,28.31,39042,225257,Result Declared,https://results.eci.gov.in/ResultAcGenMay2026/ConstituencywiseS2257.htm,04:18 PM On 05/05/2026,official_public_snapshot_2026_05_05_1618
Tamil Nadu,2026,58,PENNAGARAM,Dharmapuri,,GAJENDRAN. S.,TVK,81240,35.53,SELVAM. V.,PMK,78075,34.14,3165,228666,Result Declared,https://results.eci.gov.in/ResultAcGenMay2026/ConstituencywiseS2258.htm,04:18 PM On 05/05/2026,official_public_snapshot_2026_05_05_1618
Tamil Nadu,2026,59,DHARMAPURI,Dharmapuri,,SOWMIYA ANBUMANI,PMK,93713,39.28,SIVAN. M.,TVK,72817,30.52,20896,238579,Result Declared,https://results.eci.gov.in/ResultAcGenMay2026/ConstituencywiseS2259.htm,04:18 PM On 05/05/2026,official_public_snapshot_2026_05_05_1618
Tamil Nadu,2026,60,PAPPIREDDIPATTI,Dharmapuri,,MARAGATHAM VETRIVEL,ADMK,101829,43.03,PALANIAPPAN. P,DMK,68715,29.04,33114,236621,Result Declared,https://results.eci.gov.in/ResultAcGenMay2026/ConstituencywiseS2260.htm,04:18 PM On 05/05/2026,official_public_snapshot_2026_05_05_1618
Tamil Nadu,2026,61,HARUR,Dharmapuri,,SAMPATHKUMAR. V,ADMK,75523,34.32,SHANMUGAM. A,DMK,72194,32.81,3329,220042,Result Declared,https://results.eci.gov.in/ResultAcGenMay2026/ConstituencywiseS2261.htm,04:18 PM On 05/05/2026,official_public_snapshot_2026_05_05_1618
Tamil Nadu,2026,62,CHENGAM,Tiruvannamalai,,S.VELU,ADMK,87802,36.15,K BHARATHIDHASAN,TVK,74524,30.68,13278,242897,Result Declared,https://results.eci.gov.in/ResultAcGenMay2026/ConstituencywiseS2262.htm,04:18 PM On 05/05/2026,official_public_snapshot_2026_05_05_1618
Tamil Nadu,2026,63,TIRUVANNAMALAI,Tiruvannamalai,,VELU. E.V,DMK,88273,40.11,ARUL ARUMUGAM,TVK,85818,39.0,2455,220066,Result Declared,https://results.eci.gov.in/ResultAcGenMay2026/ConstituencywiseS2263.htm,04:18 PM On 05/05/2026,official_public_snapshot_2026_05_05_1618
Tamil Nadu,2026,64,KILPENNATHUR,Tiruvannamalai,,RAMACHANDRAN.S,ADMK,90503,41.18,PITCHANDI.K,DMK,60038,27.32,30465,219790,Result Declared,https://results.eci.gov.in/ResultAcGenMay2026/ConstituencywiseS2264.htm,04:18 PM On 05/05/2026,official_public_snapshot_2026_05_05_1618
Tamil Nadu,2026,65,KALASAPAKKAM,Tiruvannamalai,,AGRI KRISHNAMURTHY. S S,ADMK,89629,41.86,SARAVANAN. P.S.T,DMK,62889,29.37,26740,214127,Result Declared,https://results.eci.gov.in/ResultAcGenMay2026/ConstituencywiseS2265.htm,04:18 PM On 05/05/2026,official_public_snapshot_2026_05_05_1618
Tamil Nadu,2026,66,POLUR,Tiruvannamalai,,ABISHEK. R,TVK,67961,32.1,SARAVANAN. P,DMDK,67734,31.99,227,211743,Result Declared,https://results.eci.gov.in/ResultAcGenMay2026/ConstituencywiseS2266.htm,04:18 PM On 05/05/2026,official_public_snapshot_2026_05_05_1618
Tamil Nadu,2026,67,ARANI,Tiruvannamalai,,JAYASUDHA. L,ADMK,76735,33.34,MAHALAKSHMI GOVARTHANAN,DMK,71104,30.89,5631,230162,Result Declared,https://results.eci.gov.in/ResultAcGenMay2026/ConstituencywiseS2267.htm,04:18 PM On 05/05/2026,official_public_snapshot_2026_05_05_1618
Tamil Nadu,2026,68,CHEYYAR,Tiruvannamalai,,MUKKUR N. SUBRAMANIAN,ADMK,86680,38.95,DUSI K MOHAN,TVK,65599,29.47,21081,222570,Result Declared,https://results.eci.gov.in/ResultAcGenMay2026/ConstituencywiseS2268.htm,04:18 PM On 05/05/2026,official_public_snapshot_2026_05_05_1618
Tamil Nadu,2026,69,VANDAVASI,Tiruvannamalai,,AMBETHKUMAR. S,DMK,63805,33.37,RANI. P,ADMK,60472,31.63,3333,191204,Result Declared,https://results.eci.gov.in/ResultAcGenMay2026/ConstituencywiseS2269.htm,04:18 PM On 05/05/2026,official_public_snapshot_2026_05_05_1618
Tamil Nadu,2026,70,GINGEE,Viluppuram,,GANESHKUMAR A,PMK,78201,36.1,GINGEE MASTHAN K S,DMK,65556,30.26,12645,216652,Result Declared,https://results.eci.gov.in/ResultAcGenMay2026/ConstituencywiseS2270.htm,04:18 PM On 05/05/2026,official_public_snapshot_2026_05_05_1618
Tamil Nadu,2026,71,MAILAM,Viluppuram,,SHANMUGAM C VE,ADMK,82353,43.52,VIJAY NIRANJAN A,TVK,52312,27.65,30041,189221,Result Declared,https://results.eci.gov.in/ResultAcGenMay2026/ConstituencywiseS2271.htm,04:18 PM On 05/05/2026,official_public_snapshot_2026_05_05_1618
Tamil Nadu,2026,72,TINDIVANAM,Viluppuram,,VANNI ARASU,VCK,63833,32.56,ARJUNAN. P,ADMK,63099,32.19,734,196026,Result Declared,https://results.eci.gov.in/ResultAcGenMay2026/ConstituencywiseS2272.htm,04:18 PM On 05/05/2026,official_public_snapshot_2026_05_05_1618
Tamil Nadu,2026,73,VANUR,Viluppuram,,GOWTHAM D,DMK,68873,35.85,SURESH P,TVK,61839,32.19,7034,192119,Result Declared,https://results.eci.gov.in/ResultAcGenMay2026/ConstituencywiseS2273.htm,04:18 PM On 05/05/2026,official_public_snapshot_2026_05_05_1618
Tamil Nadu,2026,74,VILUPPURAM,Viluppuram,,LAKSHMANAN R,DMK,72982,33.88,MOHANRAJ N,TVK,68863,31.97,4119,215422,Result Declared,https://results.eci.gov.in/ResultAcGenMay2026/ConstituencywiseS2274.htm,04:18 PM On 05/05/2026,official_public_snapshot_2026_05_05_1618
Tamil Nadu,2026,75,VIKRAVANDI,Viluppuram,,SIVAKUMAR C,PMK,69727,33.33,VIJAI VADIVEL A,TVK,68817,32.89,910,209231,Result Declared,https://results.eci.gov.in/ResultAcGenMay2026/ConstituencywiseS2275.htm,04:18 PM On 05/05/2026,official_public_snapshot_2026_05_05_1618
Tamil Nadu,2026,76,TIRUKKOYILUR,Kallakurichi,,PALANISAMY S,ADMK,73033,33.61,VIJAY R BARANIBALAAJI,TVK,72748,33.48,285,217318,Result Declared,https://results.eci.gov.in/ResultAcGenMay2026/ConstituencywiseS2276.htm,04:18 PM On 05/05/2026,official_public_snapshot_2026_05_05_1618
Tamil Nadu,2026,77,ULUNDURPETTAI,Kallakurichi,,VASANTHAVEL G R,DMK,98471,36.34,KUMARAGURU R,ADMK,96194,35.5,2277,271002,Result Declared,https://results.eci.gov.in/ResultAcGenMay2026/ConstituencywiseS2277.htm,04:18 PM On 05/05/2026,official_public_snapshot_2026_05_05_1618
Tamil Nadu,2026,78,RISHIVANDIYAM,Kallakurichi,,KARTHIKEYAN K,DMK,89711,36.65,ASHOK KUMAR G,TVK,84849,34.66,4862,244795,Result Declared,https://results.eci.gov.in/ResultAcGenMay2026/ConstituencywiseS2278.htm,04:18 PM On 05/05/2026,official_public_snapshot_2026_05_05_1618
Tamil Nadu,2026,79,SANKARAPURAM,Kallakurichi,,RAKESH R,ADMK,80250,34.07,UDHAYASURIYAN T,DMK,76810,32.61,3440,235528,Result Declared,https://results.eci.gov.in/ResultAcGenMay2026/ConstituencywiseS2279.htm,04:18 PM On 05/05/2026,official_public_snapshot_2026_05_05_1618
Tamil Nadu,2026,80,KALLAKURICHI,Kallakurichi,,ARUL VIGNESH C,TVK,81132,32.5,RAJEEVGANDHI S,ADMK,80334,32.18,798,249626,Result Declared,https://results.eci.gov.in/ResultAcGenMay2026/ConstituencywiseS2280.htm,04:18 PM On 05/05/2026,official_public_snapshot_2026_05_05_1618
Tamil Nadu,2026,81,GANGAVALLI,Salem,,NALLATHAMBI. A,ADMK,73167,37.2,CHINNADURAI. K,DMK,58763,29.88,14404,196679,Result Declared,https://results.eci.gov.in/ResultAcGenMay2026/ConstituencywiseS2281.htm,04:18 PM On 05/05/2026,official_public_snapshot_2026_05_05_1618
Tamil Nadu,2026,82,ATTUR,Salem,,JAYASANKARAN. A.P.,ADMK,80843,38.81,SELVABHARATHI. R.,TVK,65525,31.46,15318,208296,Result Declared,https://results.eci.gov.in/ResultAcGenMay2026/ConstituencywiseS2282.htm,04:18 PM On 05/05/2026,official_public_snapshot_2026_05_05_1618
Tamil Nadu,2026,83,YERCAUD,Salem,,USHARANI. P,ADMK,87772,34.61,LAKSHMI JANARTHANAN. J,TVK,85583,33.75,2189,253592,Result Declared,https://results.eci.gov.in/ResultAcGenMay2026/ConstituencywiseS2283.htm,04:18 PM On 05/05/2026,official_public_snapshot_2026_05_05_1618
Tamil Nadu,2026,84,OMALUR,Salem,,MANI. R,ADMK,112246,41.4,ADHIYAMAAN. R.V,TVK,97707,36.04,14539,271119,Result Declared,https://results.eci.gov.in/ResultAcGenMay2026/ConstituencywiseS2284.htm,04:18 PM On 05/05/2026,official_public_snapshot_2026_05_05_1618
Tamil Nadu,2026,85,METTUR,Salem,,VENKATACHALAM. G,ADMK,86498,37.43,MIDHUN CHAKRAVARTHY. M,DMK,67393,29.16,19105,231105,Result Declared,https://results.eci.gov.in/ResultAcGenMay2026/ConstituencywiseS2285.htm,04:18 PM On 05/05/2026,official_public_snapshot_2026_05_05_1618
Tamil Nadu,2026,86,EDAPPADI,Salem,,EDAPPADI PALANISWAMI. K,ADMK,148933,57.67,PREMKUMAR. K,IND,50823,19.68,98110,258263,Result Declared,https://results.eci.gov.in/ResultAcGenMay2026/ConstituencywiseS2286.htm,04:18 PM On 05/05/2026,official_public_snapshot_2026_05_05_1618
Tamil Nadu,2026,87,SANKARI,Salem,,VETRIVEL. S,ADMK,87342,35.83,SENTHILKUMAR. K,TVK,77825,31.92,9517,243779,Result Declared,https://results.eci.gov.in/ResultAcGenMay2026/ConstituencywiseS2287.htm,04:18 PM On 05/05/2026,official_public_snapshot_2026_05_05_1618
Tamil Nadu,2026,88,SALEM (WEST),Salem,,LAKSHMANAN.S,TVK,120407,51.37,KARTHE.M,PMK,45540,19.43,74867,234407,Result Declared,https://results.eci.gov.in/ResultAcGenMay2026/ConstituencywiseS2288.htm,04:18 PM On 05/05/2026,official_public_snapshot_2026_05_05_1618
Tamil Nadu,2026,89,SALEM (NORTH),Salem,,SIVAKUMAR. K,TVK,85710,40.68,RAJENDRAN. R,DMK,71676,34.02,14034,210712,Result Declared,https://results.eci.gov.in/ResultAcGenMay2026/ConstituencywiseS2289.htm,04:18 PM On 05/05/2026,official_public_snapshot_2026_05_05_1618
Tamil Nadu,2026,90,SALEM (SOUTH),Salem,,VIJAY TAMILAN PARTHIBAN. A,TVK,91371,43.95,LOGANATHAN. M,DMK,58002,27.9,33369,207902,Result Declared,https://results.eci.gov.in/ResultAcGenMay2026/ConstituencywiseS2290.htm,04:18 PM On 05/05/2026,official_public_snapshot_2026_05_05_1618
Tamil Nadu,2026,91,VEERAPANDI,Salem,,PALANIVEL. M.S,TVK,79907,33.88,SRI BALAJI SUGUMAR. S,ADMK,75836,32.15,4071,235875,Result Declared,https://results.eci.gov.in/ResultAcGenMay2026/ConstituencywiseS2291.htm,04:18 PM On 05/05/2026,official_public_snapshot_2026_05_05_1618
Tamil Nadu,2026,92,RASIPURAM,Namakkal,,LOGESH TAMILSELVAN D,TVK,74808,36.55,PREMKUMAR S D,BJP,60297,29.46,14511,204680,Result Declared,https://results.eci.gov.in/ResultAcGenMay2026/ConstituencywiseS2292.htm,04:18 PM On 05/05/2026,official_public_snapshot_2026_05_05_1618
Tamil Nadu,2026,93,SENTHAMANGALAM,Namakkal,,P CHANDRASEKAR,TVK,68815,32.82,C CHANDRASEKARAN,ADMK,66160,31.55,2655,209687,Result Declared,https://results.eci.gov.in/ResultAcGenMay2026/ConstituencywiseS2293.htm,04:18 PM On 05/05/2026,official_public_snapshot_2026_05_05_1618
Tamil Nadu,2026,94,NAMAKKAL,Namakkal,,DILIP C S,TVK,79744,37.56,SRIDEVI MOHAN P S,ADMK,68736,32.38,11008,212283,Result Declared,https://results.eci.gov.in/ResultAcGenMay2026/ConstituencywiseS2294.htm,04:18 PM On 05/05/2026,official_public_snapshot_2026_05_05_1618
Tamil Nadu,2026,95,PARAMATHI-VELUR,Namakkal,,SEKAR S,ADMK,61349,32.49,MOORTHIY K S,DMK,61041,32.32,308,188845,Result Declared,https://results.eci.gov.in/ResultAcGenMay2026/ConstituencywiseS2295.htm,04:18 PM On 05/05/2026,official_public_snapshot_2026_05_05_1618
Tamil Nadu,2026,96,TIRUCHENGODU,Namakkal,,ARUNRAJ K G,TVK,79500,41.6,SRMT SEKAR (A) CHANDRASEKAR R,ADMK,51328,26.86,28172,191122,Result Declared,https://results.eci.gov.in/ResultAcGenMay2026/ConstituencywiseS2296.htm,04:18 PM On 05/05/2026,official_public_snapshot_2026_05_05_1618
Tamil Nadu,2026,97,KUMARAPALAYAM,Namakkal,,C.VIJAYALAKSHMI,TVK,81179,39.54,P.THANGAMANI,ADMK,73483,35.79,7696,205324,Result Declared,https://results.eci.gov.in/ResultAcGenMay2026/ConstituencywiseS2297.htm,04:18 PM On 05/05/2026,official_public_snapshot_2026_05_05_1618
Tamil Nadu,2026,98,ERODE (EAST),Erode,,M.VIJAY BALAJI,TVK,69747,42.93,GOPINATH PALANIYAPPAN,INC,45781,28.18,23966,162453,Result Declared,https://results.eci.gov.in/ResultAcGenMay2026/ConstituencywiseS2298.htm,04:18 PM On 05/05/2026,official_public_snapshot_2026_05_05_1618
Tamil Nadu,2026,99,ERODE (WEST),Erode,,ANANTH MOGHAN K.K.,TVK,96836,43.74,S. MUTHUSAMY,DMK,74586,33.69,22250,221400,Result Declared,https://results.eci.gov.in/ResultAcGenMay2026/ConstituencywiseS2299.htm,04:18 PM On 05/05/2026,official_public_snapshot_2026_05_05_1618
Tamil Nadu,2026,100,MODAKKURICHI,Erode,,D.SHANMUGAN,TVK,60715,31.83,S.KIRTHIKA,BJP,58285,30.55,2430,190759,Result Declared,https://results.eci.gov.in/ResultAcGenMay2026/ConstituencywiseS22100.htm,04:18 PM On 05/05/2026,official_public_snapshot_2026_05_05_1618
Tamil Nadu,2026,101,DHARAPURAM,Tiruppur,,SATHYABAMA.P,ADMK,81100,40.56,INDIRANI.T,DMK,64373,32.2,16727,199944,Result Declared,https://results.eci.gov.in/ResultAcGenMay2026/ConstituencywiseS22101.htm,04:18 PM On 05/05/2026,official_public_snapshot_2026_05_05_1618
Tamil Nadu,2026,102,KANGAYAM,Tiruppur,,NSN NATARAJ,ADMK,71122,34.94,MANI GOUNDER,TVK,62989,30.95,8133,203534,Result Declared,https://results.eci.gov.in/ResultAcGenMay2026/ConstituencywiseS22102.htm,04:18 PM On 05/05/2026,official_public_snapshot_2026_05_05_1618
Tamil Nadu,2026,103,PERUNDURAI,Erode,,JAYAKUMAR. S,ADMK,70302,35.03,THOPPU VENKATACHALAM (ALIAS) N.D. VENKATACHALAM,DMK,60609,30.2,9693,200686,Result Declared,https://results.eci.gov.in/ResultAcGenMay2026/ConstituencywiseS22103.htm,04:18 PM On 05/05/2026,official_public_snapshot_2026_05_05_1618
Tamil Nadu,2026,104,BHAVANI,Erode,,KARUPPANAN. K.C,ADMK,75577,36.28,BALAKRISHNAN,TVK,68181,32.73,7396,208323,Result Declared,https://results.eci.gov.in/ResultAcGenMay2026/ConstituencywiseS22104.htm,04:18 PM On 05/05/2026,official_public_snapshot_2026_05_05_1618
Tamil Nadu,2026,105,ANTHIYUR,Erode,,HARIBASKAR.P,ADMK,60042,32.32,SIVABALAN.M,DMK,58782,31.64,1260,185775,Result Declared,https://results.eci.gov.in/ResultAcGenMay2026/ConstituencywiseS22105.htm,04:18 PM On 05/05/2026,official_public_snapshot_2026_05_05_1618
Tamil Nadu,2026,106,GOBICHETTIPALAYAM,Erode,,SENGOTTAIYAN.K.A,TVK,82612,37.6,NALLASIVAM.N,DMK,65992,30.03,16620,219727,Result Declared,https://results.eci.gov.in/ResultAcGenMay2026/ConstituencywiseS22106.htm,04:18 PM On 05/05/2026,official_public_snapshot_2026_05_05_1618
Tamil Nadu,2026,107,BHAVANISAGAR,Erode,,V.P.TAMILSELVI,TVK,72391,33.73,A.BANNARI,ADMK,67822,31.6,4569,214595,Result Declared,https://results.eci.gov.in/ResultAcGenMay2026/ConstituencywiseS22107.htm,04:18 PM On 05/05/2026,official_public_snapshot_2026_05_05_1618
Tamil Nadu,2026,108,UDHAGAMANDALAM,Nilgiris,,BHOJARAJAN.M,BJP,48488,32.61,IBRAHIM.R,TVK,47512,31.95,976,148704,Result Declared,https://results.eci.gov.in/ResultAcGenMay2026/ConstituencywiseS22108.htm,04:18 PM On 05/05/2026,official_public_snapshot_2026_05_05_1618
Tamil Nadu,2026,109,GUDALUR,Nilgiris,,DHRAVIDAMANI.M,DMK,65590,43.37,PON.JAYASEELAN,ADMK,42757,28.27,22833,151241,Result Declared,https://results.eci.gov.in/ResultAcGenMay2026/ConstituencywiseS22109.htm,04:18 PM On 05/05/2026,official_public_snapshot_2026_05_05_1618
Tamil Nadu,2026,110,COONOOR,Nilgiris,,M. RAJU,DMK,50470,35.69,A. RAMU,ADMK,42371,29.97,8099,141394,Result Declared,https://results.eci.gov.in/ResultAcGenMay2026/ConstituencywiseS22110.htm,04:18 PM On 05/05/2026,official_public_snapshot_2026_05_05_1618
Tamil Nadu,2026,111,METTUPPALAYAM,Coimbatore,,SUNILANAND,TVK,75664,30.97,SMT.KAVITHA KALYANASUNDARAM,DMK,67896,27.79,7768,244319,Result Declared,https://results.eci.gov.in/ResultAcGenMay2026/ConstituencywiseS22111.htm,04:18 PM On 05/05/2026,official_public_snapshot_2026_05_05_1618
Tamil Nadu,2026,112,AVANASHI,Tiruppur,,KAMALI.S,TVK,84209,36.36,DR. L. MURUGAN,BJP,68836,29.72,15373,231600,Result Declared,https://results.eci.gov.in/ResultAcGenMay2026/ConstituencywiseS22112.htm,04:18 PM On 05/05/2026,official_public_snapshot_2026_05_05_1618
Tamil Nadu,2026,113,TIRUPPUR (NORTH),Tiruppur,,V.SATHYABAMA,TVK,131401,49.88,M.S.M.ANANDAN,ADMK,61409,23.31,69992,263457,Result Declared,https://results.eci.gov.in/ResultAcGenMay2026/ConstituencywiseS22113.htm,04:18 PM On 05/05/2026,official_public_snapshot_2026_05_05_1618
Tamil Nadu,2026,114,TIRUPPUR (SOUTH),Tiruppur,,BALAMURUGAN. S,TVK,73793,41.04,DINESHKUMAR. N,DMK,60892,33.86,12901,179814,Result Declared,https://results.eci.gov.in/ResultAcGenMay2026/ConstituencywiseS22114.htm,04:18 PM On 05/05/2026,official_public_snapshot_2026_05_05_1618
Tamil Nadu,2026,115,PALLADAM,Tiruppur,,K.RAMKUMAR,TVK,121297,40.3,K.P.PARAMASIVAM,ADMK,83400,27.71,37897,301014,Result Declared,https://results.eci.gov.in/ResultAcGenMay2026/ConstituencywiseS22115.htm,04:18 PM On 05/05/2026,official_public_snapshot_2026_05_05_1618
Tamil Nadu,2026,116,SULUR,Coimbatore,,NM.SUKUMAR,TVK,90531,33.1,V.P.KANDASAMY,ADMK,85741,31.34,4790,273544,Result Declared,https://results.eci.gov.in/ResultAcGenMay2026/ConstituencywiseS22116.htm,04:18 PM On 05/05/2026,official_public_snapshot_2026_05_05_1618
Tamil Nadu,2026,117,KAVUNDAMPALAYAM,Coimbatore,,KANIMOZHI SANTHOSH,TVK,146466,40.24,ARUNKUMAR PRG,ADMK,104326,28.66,42140,363991,Result Declared,https://results.eci.gov.in/ResultAcGenMay2026/ConstituencywiseS22117.htm,04:18 PM On 05/05/2026,official_public_snapshot_2026_05_05_1618
Tamil Nadu,2026,118,COIMBATORE (NORTH),Coimbatore,,V. SAMPATHKUMAR,TVK,92500,40.91,DURAI. SENTHAMIL SELVAN B.E,DMK,70508,31.18,21992,226109,Result Declared,https://results.eci.gov.in/ResultAcGenMay2026/ConstituencywiseS22118.htm,04:18 PM On 05/05/2026,official_public_snapshot_2026_05_05_1618
Tamil Nadu,2026,119,THONDAMUTHUR,Coimbatore,,S.P.VELUMANI,ADMK,93316,36.09,SATHISH RAJU (ALIAS) K.P.R. SATHISH,TVK,78591,30.4,14725,258549,Result Declared,https://results.eci.gov.in/ResultAcGenMay2026/ConstituencywiseS22119.htm,04:18 PM On 05/05/2026,official_public_snapshot_2026_05_05_1618
Tamil Nadu,2026,120,COIMBATORE (SOUTH),Coimbatore,,V SENTHILBALAJI,DMK,59724,38.16,V. SENTHILKUMAR,TVK,57453,36.71,2271,156499,Result Declared,https://results.eci.gov.in/ResultAcGenMay2026/ConstituencywiseS22120.htm,04:18 PM On 05/05/2026,official_public_snapshot_2026_05_05_1618
Tamil Nadu,2026,121,SINGANALLUR,Coimbatore,,K.S.SRI GIRI PRASATH,TVK,84163,38.08,V.SRINIDHI,INC,65024,29.42,19139,221033,Result Declared,https://results.eci.gov.in/ResultAcGenMay2026/ConstituencywiseS22121.htm,04:18 PM On 05/05/2026,official_public_snapshot_2026_05_05_1618
Tamil Nadu,2026,122,KINATHUKADAVU,Coimbatore,,VIGNESH K,TVK,99950,37.31,SABARI KARTHIKEYAN K.V.K.S,DMK,88240,32.94,11710,267917,Result Declared,https://results.eci.gov.in/ResultAcGenMay2026/ConstituencywiseS22122.htm,04:18 PM On 05/05/2026,official_public_snapshot_2026_05_05_1618
Tamil Nadu,2026,123,POLLACHI,Coimbatore,,K. NITHYANANDHAN,DMK,62013,34.22,POLLACHI V. JAYARAMAN,ADMK,57386,31.67,4627,181196,Result Declared,https://results.eci.gov.in/ResultAcGenMay2026/ConstituencywiseS22123.htm,04:18 PM On 05/05/2026,official_public_snapshot_2026_05_05_1618
Tamil Nadu,2026,124,VALPARAI,Coimbatore,,KUTTY (ALIAS) SUDHAKAR. A,DMK,54671,36.34,DR. SRIDHARAN. A,TVK,45300,30.11,9371,150431,Result Declared,https://results.eci.gov.in/ResultAcGenMay2026/ConstituencywiseS22124.htm,04:18 PM On 05/05/2026,official_public_snapshot_2026_05_05_1618
Tamil Nadu,2026,125,UDUMALAIPETTAI,Tiruppur,,JAYAKUMAR M.,DMK,68549,33.67,RADHAKRISHNAN K.,ADMK,65667,32.26,2882,203575,Result Declared,https://results.eci.gov.in/ResultAcGenMay2026/ConstituencywiseS22125.htm,04:18 PM On 05/05/2026,official_public_snapshot_2026_05_05_1618
Tamil Nadu,2026,126,MADATHUKULAM,Tiruppur,,R JAYARAMAKRISHNAN,DMK,70458,37.43,C SHANMUGAVELU,AMMKMNKZ,54490,28.95,15968,188249,Result Declared,https://results.eci.gov.in/ResultAcGenMay2026/ConstituencywiseS22126.htm,04:18 PM On 05/05/2026,official_public_snapshot_2026_05_05_1618
Tamil Nadu,2026,127,PALANI,Dindigul,,RAVIMANOHARAN. K,ADMK,66986,32.11,DR. PRAVEEN KUMAR. M,TVK,66293,31.78,693,208619,Result Declared,https://results.eci.gov.in/ResultAcGenMay2026/ConstituencywiseS22127.htm,04:18 PM On 05/05/2026,official_public_snapshot_2026_05_05_1618
Tamil Nadu,2026,128,ODDANCHATRAM,Dindigul,,SAKKARAPANI. R,DMK,93099,46.17,VIDIYAL S. SEKAR,BJP,49850,24.72,43249,201624,Result Declared,https://results.eci.gov.in/ResultAcGenMay2026/ConstituencywiseS22128.htm,04:18 PM On 05/05/2026,official_public_snapshot_2026_05_05_1618
Tamil Nadu,2026,129,ATHOOR,Dindigul,,I. PERIASAMY,DMK,106240,44.79,N. KALAISELVI,TVK,83872,35.36,22368,237183,Result Declared,https://results.eci.gov.in/ResultAcGenMay2026/ConstituencywiseS22129.htm,04:18 PM On 05/05/2026,official_public_snapshot_2026_05_05_1618
Tamil Nadu,2026,130,NILAKKOTTAI,Dindigul,,AYYANAR.R,TVK,68580,34.71,NAGAJOTHI.S,DMK,65655,33.23,2925,197593,Result Declared,https://results.eci.gov.in/ResultAcGenMay2026/ConstituencywiseS22130.htm,04:18 PM On 05/05/2026,official_public_snapshot_2026_05_05_1618
Tamil Nadu,2026,131,NATHAM,Dindigul,,NATHAM VISWANATHAN R,ADMK,85708,35.84,SELVAKUMAR K,DMK,73839,30.88,11869,239140,Result Declared,https://results.eci.gov.in/ResultAcGenMay2026/ConstituencywiseS22131.htm,04:18 PM On 05/05/2026,official_public_snapshot_2026_05_05_1618
Tamil Nadu,2026,132,DINDIGUL,Dindigul,,SENTHILKUMAR. I.P,DMK,74489,35.13,NAZEER RAJA. G,TVK,73358,34.6,1131,212024,Result Declared,https://results.eci.gov.in/ResultAcGenMay2026/ConstituencywiseS22132.htm,04:18 PM On 05/05/2026,official_public_snapshot_2026_05_05_1618
Tamil Nadu,2026,133,VEDASANDUR,Dindigul,,SAMINATHAN. T,DMK,84948,37.5,PARAMASIVAM. V.P.B.,ADMK,74885,33.05,10063,226554,Result Declared,https://results.eci.gov.in/ResultAcGenMay2026/ConstituencywiseS22133.htm,04:18 PM On 05/05/2026,official_public_snapshot_2026_05_05_1618
Tamil Nadu,2026,134,ARAVAKURICHI,Karur,,ELANGO. R,DMK,70827,39.11,KARTHIKEYAN. P,TVK,51445,28.41,19382,181078,Result Declared,https://results.eci.gov.in/ResultAcGenMay2026/ConstituencywiseS22134.htm,04:18 PM On 05/05/2026,official_public_snapshot_2026_05_05_1618
Tamil Nadu,2026,135,KARUR,Karur,,M.R. VIJAYABHASKAR,ADMK,71542,32.99,MATHIYALAGAN  V.P,TVK,69721,32.15,1821,216829,Result Declared,https://results.eci.gov.in/ResultAcGenMay2026/ConstituencywiseS22135.htm,04:18 PM On 05/05/2026,official_public_snapshot_2026_05_05_1618
Tamil Nadu,2026,136,KRISHNARAYAPURAM,Karur,,SATHYA. M,TVK,62378,32.94,DR. DHIVYA. S,ADMK,58875,31.09,3503,189357,Result Declared,https://results.eci.gov.in/ResultAcGenMay2026/ConstituencywiseS22136.htm,04:18 PM On 05/05/2026,official_public_snapshot_2026_05_05_1618
Tamil Nadu,2026,137,KULITHALAI,Karur,,SURIYANUR. A. CHANDRAN,DMK,68138,32.59,G.BALASUBRAMANI,TVK,67559,32.31,579,209091,Result Declared,https://results.eci.gov.in/ResultAcGenMay2026/ConstituencywiseS22137.htm,04:18 PM On 05/05/2026,official_public_snapshot_2026_05_05_1618
Tamil Nadu,2026,138,MANAPPARAI,Tiruchirappalli,,R. KATHIRAVAN,TVK,83041,34.43,DR. PL. VIJAYAKUMAR,ADMK,81615,33.83,1426,241216,Result Declared,https://results.eci.gov.in/ResultAcGenMay2026/ConstituencywiseS22138.htm,04:18 PM On 05/05/2026,official_public_snapshot_2026_05_05_1618
Tamil Nadu,2026,139,SRIRANGAM,Tiruchirappalli,,RAMESH,TVK,103235,40.49,S. DURAIRAJ,DMK,69645,27.31,33590,254985,Result Declared,https://results.eci.gov.in/ResultAcGenMay2026/ConstituencywiseS22139.htm,04:18 PM On 05/05/2026,official_public_snapshot_2026_05_05_1618
Tamil Nadu,2026,140,TIRUCHIRAPPALLI (WEST),Tiruchirappalli,,K.N.NEHRU,DMK,88235,44.94,G.RAMAMOORTHI,TVK,83449,42.5,4786,196347,Result Declared,https://results.eci.gov.in/ResultAcGenMay2026/ConstituencywiseS22140.htm,04:18 PM On 05/05/2026,official_public_snapshot_2026_05_05_1618
Tamil Nadu,2026,141,TIRUCHIRAPPALLI (EAST),Tiruchirappalli,,C. JOSEPH VIJAY,TVK,91381,50.07,S. INIGO IRUDAYARAJ,DMK,63965,35.05,27416,182493,Result Declared,https://results.eci.gov.in/ResultAcGenMay2026/ConstituencywiseS22141.htm,04:18 PM On 05/05/2026,official_public_snapshot_2026_05_05_1618
Tamil Nadu,2026,142,THIRUVERUMBUR,Tiruchirappalli,,VIJAYAKUMAR (A) NAVALPATTU S. VIJI,TVK,89837,42.06,ANBIL MAHESH POYYAMOZHI,DMK,81132,37.99,8705,213583,Result Declared,https://results.eci.gov.in/ResultAcGenMay2026/ConstituencywiseS22142.htm,04:18 PM On 05/05/2026,official_public_snapshot_2026_05_05_1618
Tamil Nadu,2026,143,LALGUDI,Tiruchirappalli,,LEEMAROSE MARTIN,ADMK,60795,32.82,KU PA KRISHNAN,TVK,58056,31.35,2739,185213,Result Declared,https://results.eci.gov.in/ResultAcGenMay2026/ConstituencywiseS22143.htm,04:18 PM On 05/05/2026,official_public_snapshot_2026_05_05_1618
Tamil Nadu,2026,144,MANACHANALLUR,Tiruchirappalli,,KATHIRAVAN. S,DMK,81447,38.82,V.SARAVANAN,TVK,69083,32.93,12364,209780,Result Declared,https://results.eci.gov.in/ResultAcGenMay2026/ConstituencywiseS22144.htm,04:18 PM On 05/05/2026,official_public_snapshot_2026_05_05_1618
Tamil Nadu,2026,145,MUSIRI,Tiruchirappalli,,M.VIGNESH,TVK,71281,37.69,N.S.KARUNAIRAAJA,DMK,53839,28.47,17442,189141,Result Declared,https://results.eci.gov.in/ResultAcGenMay2026/ConstituencywiseS22145.htm,04:18 PM On 05/05/2026,official_public_snapshot_2026_05_05_1618
Tamil Nadu,2026,146,THURAIYUR,Tiruchirappalli,,RAVISANKAR.M,TVK,66263,35.93,E.SAROJA,ADMK,56649,30.72,9614,184426,Result Declared,https://results.eci.gov.in/ResultAcGenMay2026/ConstituencywiseS22146.htm,04:18 PM On 05/05/2026,official_public_snapshot_2026_05_05_1618
Tamil Nadu,2026,147,PERAMBALUR,Perambalur,,SIVAKUMAR. K,TVK,90882,35.83,DR. JAYALAKSHMI. S.T,DMK,76489,30.15,14393,253654,Result Declared,https://results.eci.gov.in/ResultAcGenMay2026/ConstituencywiseS22147.htm,04:18 PM On 05/05/2026,official_public_snapshot_2026_05_05_1618
Tamil Nadu,2026,148,KUNNAM,Perambalur,,SIVASANKAR. S.S,DMK,87237,37.84,SARANYA. A,ADMK,71680,31.09,15557,230570,Result Declared,https://results.eci.gov.in/ResultAcGenMay2026/ConstituencywiseS22148.htm,04:18 PM On 05/05/2026,official_public_snapshot_2026_05_05_1618
Tamil Nadu,2026,149,ARIYALUR,Ariyalur,,RAJENDRAN S,ADMK,95219,40.37,LATHA BALU,DMK,70721,29.98,24498,235858,Result Declared,https://results.eci.gov.in/ResultAcGenMay2026/ConstituencywiseS22149.htm,04:18 PM On 05/05/2026,official_public_snapshot_2026_05_05_1618
Tamil Nadu,2026,150,JAYANKONDAM,Ariyalur,,VAITHILINGAM G.,PMK,88992,38.94,KANNAN KA.SO.KA.,DMK,70502,30.85,18490,228548,Result Declared,https://results.eci.gov.in/ResultAcGenMay2026/ConstituencywiseS22150.htm,04:18 PM On 05/05/2026,official_public_snapshot_2026_05_05_1618
Tamil Nadu,2026,151,TITTAKUDI,Cuddalore,,GANESAN C.V,DMK,63106,35.91,RAJASEKAR A,TVK,60477,34.41,2629,175754,Result Declared,https://results.eci.gov.in/ResultAcGenMay2026/ConstituencywiseS22151.htm,04:18 PM On 05/05/2026,official_public_snapshot_2026_05_05_1618
Tamil Nadu,2026,152,VRIDDHACHALAM,Cuddalore,,PREMALLATHA VIJAYAKANT,DMDK,69351,33.15,VIJAY.S,TVK,66964,32.01,2387,209186,Result Declared,https://results.eci.gov.in/ResultAcGenMay2026/ConstituencywiseS22152.htm,04:18 PM On 05/05/2026,official_public_snapshot_2026_05_05_1618
Tamil Nadu,2026,153,NEYVELI,Cuddalore,,RAJENDRAN.R,ADMK,63731,37.76,SABA.RAJENDRAN,DMK,52769,31.26,10962,168780,Result Declared,https://results.eci.gov.in/ResultAcGenMay2026/ConstituencywiseS22153.htm,04:18 PM On 05/05/2026,official_public_snapshot_2026_05_05_1618
Tamil Nadu,2026,154,PANRUTI,Cuddalore,,MOHAN. K,ADMK,78398,37.2,ABDUR RAHMAN. A.R,VCK,67735,32.14,10663,210767,Result Declared,https://results.eci.gov.in/ResultAcGenMay2026/ConstituencywiseS22154.htm,04:18 PM On 05/05/2026,official_public_snapshot_2026_05_05_1618
Tamil Nadu,2026,155,CUDDALORE,Cuddalore,,B.RAJKUMAR,TVK,70856,37.22,A.S.CHANDARASEKARAN,INC,55337,29.07,15519,190378,Result Declared,https://results.eci.gov.in/ResultAcGenMay2026/ConstituencywiseS22155.htm,04:18 PM On 05/05/2026,official_public_snapshot_2026_05_05_1618
Tamil Nadu,2026,156,KURINJIPADI,Cuddalore,,M.R.K.PANNEERSELVAM,DMK,76695,35.84,A  BHUVANENTHIRAN,ADMK,69106,32.3,7589,213965,Result Declared,https://results.eci.gov.in/ResultAcGenMay2026/ConstituencywiseS22156.htm,04:18 PM On 05/05/2026,official_public_snapshot_2026_05_05_1618
Tamil Nadu,2026,157,BHUVANAGIRI,Cuddalore,,ARUNMOZHITHEVAN . A,ADMK,75707,36.52,SARAVANAN. DURAI . K,DMK,73220,35.32,2487,207310,Result Declared,https://results.eci.gov.in/ResultAcGenMay2026/ConstituencywiseS22157.htm,04:18 PM On 05/05/2026,official_public_snapshot_2026_05_05_1618
Tamil Nadu,2026,158,CHIDAMBARAM,Cuddalore,,THAMIMUN ANSARI. M,DMK,69739,35.48,PANDIAN. K.A,ADMK,63992,32.55,5747,196586,Result Declared,https://results.eci.gov.in/ResultAcGenMay2026/ConstituencywiseS22158.htm,04:18 PM On 05/05/2026,official_public_snapshot_2026_05_05_1618
Tamil Nadu,2026,159,KATTUMANNARKOIL,Cuddalore,,L.E. JOTHIMANI,VCK,85179,45.33,A. SOZHAN,PMK,52116,27.74,33063,187905,Result Declared,https://results.eci.gov.in/ResultAcGenMay2026/ConstituencywiseS22159.htm,04:18 PM On 05/05/2026,official_public_snapshot_2026_05_05_1618
Tamil Nadu,2026,160,SIRKAZHI,Mayiladuthurai,,SENTHILSELVAN.R,DMK,71449,35.64,SAKTHI.M,ADMK,60032,29.95,11417,200448,Result Declared,https://results.eci.gov.in/ResultAcGenMay2026/ConstituencywiseS22160.htm,04:18 PM On 05/05/2026,official_public_snapshot_2026_05_05_1618
Tamil Nadu,2026,161,MAYILADUTHURAI,Mayiladuthurai,,JAMAL MOHAMED YOUNOOS. Y.N,INC,68011,36.09,PALANISAMY. A   M.COM.,PMK,57166,30.33,10845,188461,Result Declared,https://results.eci.gov.in/ResultAcGenMay2026/ConstituencywiseS22161.htm,04:18 PM On 05/05/2026,official_public_snapshot_2026_05_05_1618
Tamil Nadu,2026,162,POOMPUHAR,Mayiladuthurai,,NIVEDHA M MURUGAN,DMK,81096,36.98,PAVUNRAJ. S,ADMK,72836,33.21,8260,219324,Result Declared,https://results.eci.gov.in/ResultAcGenMay2026/ConstituencywiseS22162.htm,04:18 PM On 05/05/2026,official_public_snapshot_2026_05_05_1618
Tamil Nadu,2026,163,NAGAPATTINAM,Nagapattinam,,M.H.JAWAHIRULLAH,DMK,56305,37.21,M.SUGUMAR,TVK,46524,30.74,9781,151326,Result Declared,https://results.eci.gov.in/ResultAcGenMay2026/ConstituencywiseS22163.htm,04:18 PM On 05/05/2026,official_public_snapshot_2026_05_05_1618
Tamil Nadu,2026,164,KILVELUR,Nagapattinam,,LATHA. T,CPI(M),56108,37.0,SENTHIL PANDIAN. P,TVK,53830,35.5,2278,151637,Result Declared,https://results.eci.gov.in/ResultAcGenMay2026/ConstituencywiseS22164.htm,04:18 PM On 05/05/2026,official_public_snapshot_2026_05_05_1618
Tamil Nadu,2026,165,VEDARANYAM,Nagapattinam,,MANIAN. O.S,ADMK,59172,36.48,PUGAZHENDI. M,DMK,51841,31.96,7331,162216,Result Declared,https://results.eci.gov.in/ResultAcGenMay2026/ConstituencywiseS22165.htm,04:18 PM On 05/05/2026,official_public_snapshot_2026_05_05_1618
Tamil Nadu,2026,166,THIRUTHURAIPOONDI,Thiruvarur,,MARIMUTHU.K,CPI,74062,38.77,PANDIYAN.S,TVK,61140,32.01,12922,191030,Result Declared,https://results.eci.gov.in/ResultAcGenMay2026/ConstituencywiseS22166.htm,04:18 PM On 05/05/2026,official_public_snapshot_2026_05_05_1618
Tamil Nadu,2026,167,MANNARGUDI,Thiruvarur,,KAMARAJ. S,AMMKMNKZ,68416,35.25,RAJAA.T.R.B,DMK,66850,34.44,1566,194100,Result Declared,https://results.eci.gov.in/ResultAcGenMay2026/ConstituencywiseS22167.htm,04:18 PM On 05/05/2026,official_public_snapshot_2026_05_05_1618
Tamil Nadu,2026,168,THIRUVARUR,Thiruvarur,,KALAIVANAN POONDI  K,DMK,93408,42.87,VEERAMANI V,TVK,75260,34.54,18148,217875,Result Declared,https://results.eci.gov.in/ResultAcGenMay2026/ConstituencywiseS22168.htm,04:18 PM On 05/05/2026,official_public_snapshot_2026_05_05_1618
Tamil Nadu,2026,169,NANNILAM,Thiruvarur,,KAMARAJ. R,ADMK,103462,44.7,MOHAMED MUBARAK,DMK,61738,26.68,41724,231444,Result Declared,https://results.eci.gov.in/ResultAcGenMay2026/ConstituencywiseS22169.htm,04:18 PM On 05/05/2026,official_public_snapshot_2026_05_05_1618
Tamil Nadu,2026,170,THIRUVIDAIMARUDUR,Thanjavur,,GOVI.CHEZHIAAN,DMK,79951,38.26,S.PRABAKARAN,TVK,65835,31.51,14116,208944,Result Declared,https://results.eci.gov.in/ResultAcGenMay2026/ConstituencywiseS22170.htm,04:18 PM On 05/05/2026,official_public_snapshot_2026_05_05_1618
Tamil Nadu,2026,171,KUMBAKONAM,Thanjavur,,VINOTH,TVK,78650,37.76,ANBALAGAN G,DMK,77971,37.43,679,208288,Result Declared,https://results.eci.gov.in/ResultAcGenMay2026/ConstituencywiseS22171.htm,04:18 PM On 05/05/2026,official_public_snapshot_2026_05_05_1618
Tamil Nadu,2026,172,PAPANASAM,Thanjavur,,A.M. SHAHJAHAN,IUML,69284,33.35,AZARUDEEN UDUMAN ALI,TVK,68219,32.84,1065,207723,Result Declared,https://results.eci.gov.in/ResultAcGenMay2026/ConstituencywiseS22172.htm,04:18 PM On 05/05/2026,official_public_snapshot_2026_05_05_1618
Tamil Nadu,2026,173,THIRUVAIYARU,Thanjavur,,DURAI. CHANDRASEKARAN,DMK,80425,36.21,MATHI. MANIKANDAN,TVK,71870,32.36,8555,222111,Result Declared,https://results.eci.gov.in/ResultAcGenMay2026/ConstituencywiseS22173.htm,04:18 PM On 05/05/2026,official_public_snapshot_2026_05_05_1618
Tamil Nadu,2026,174,THANJAVUR,Thanjavur,,R. VIJAYSARAVANAN,TVK,87705,44.12,SHAN. RAMANATHAN,DMK,70750,35.59,16955,198798,Result Declared,https://results.eci.gov.in/ResultAcGenMay2026/ConstituencywiseS22174.htm,04:18 PM On 05/05/2026,official_public_snapshot_2026_05_05_1618
Tamil Nadu,2026,175,ORATHANADU,Thanjavur,,R. VAITHILINGAM,DMK,86759,44.42,DR. K. ARVIND,TVK,51731,26.49,35028,195304,Result Declared,https://results.eci.gov.in/ResultAcGenMay2026/ConstituencywiseS22175.htm,04:18 PM On 05/05/2026,official_public_snapshot_2026_05_05_1618
Tamil Nadu,2026,176,PATTUKKOTTAI,Thanjavur,,ANNADURAI K,DMK,65963,35.9,MATHAN C,TVK,52209,28.41,13754,183745,Result Declared,https://results.eci.gov.in/ResultAcGenMay2026/ConstituencywiseS22176.htm,04:18 PM On 05/05/2026,official_public_snapshot_2026_05_05_1618
Tamil Nadu,2026,177,PERAVURANI,Thanjavur,,ASHOKKUMAR. N,DMK,60919,34.56,GOVI.ELANGO,ADMK,57757,32.77,3162,176274,Result Declared,https://results.eci.gov.in/ResultAcGenMay2026/ConstituencywiseS22177.htm,04:18 PM On 05/05/2026,official_public_snapshot_2026_05_05_1618
Tamil Nadu,2026,178,GANDHARVAKOTTAI,Pudukkottai,,N. SUBRAMANIAN,TVK,58795,35.08,C. UTHAYAKUMAR,BJP,47756,28.49,11039,167618,Result Declared,https://results.eci.gov.in/ResultAcGenMay2026/ConstituencywiseS22178.htm,04:18 PM On 05/05/2026,official_public_snapshot_2026_05_05_1618
Tamil Nadu,2026,179,VIRALIMALAI,Pudukkottai,,VIJAYABASKAR. C,ADMK,105773,51.87,MURUGESAN. P,TVK,43700,21.43,62073,203921,Result Declared,https://results.eci.gov.in/ResultAcGenMay2026/ConstituencywiseS22179.htm,04:18 PM On 05/05/2026,official_public_snapshot_2026_05_05_1618
Tamil Nadu,2026,180,PUDUKKOTTAI,Pudukkottai,,V. MUTHURAJA,DMK,66825,35.1,K.M. SHARIFF,TVK,64958,34.12,1867,190378,Result Declared,https://results.eci.gov.in/ResultAcGenMay2026/ConstituencywiseS22180.htm,04:18 PM On 05/05/2026,official_public_snapshot_2026_05_05_1618
Tamil Nadu,2026,181,THIRUMAYAM,Pudukkottai,,REGUPATHY.S,DMK,58201,31.87,CHINTHAMANI.C,TVK,56709,31.05,1492,182612,Result Declared,https://results.eci.gov.in/ResultAcGenMay2026/ConstituencywiseS22181.htm,04:18 PM On 05/05/2026,official_public_snapshot_2026_05_05_1618
Tamil Nadu,2026,182,ALANGUDI,Pudukkottai,,SIVA.V.MEYYANATHAN,DMK,64929,35.98,KANDASAMY,TVK,51952,28.78,12977,180483,Result Declared,https://results.eci.gov.in/ResultAcGenMay2026/ConstituencywiseS22182.htm,04:18 PM On 05/05/2026,official_public_snapshot_2026_05_05_1618
Tamil Nadu,2026,183,ARANTHANGI,Pudukkottai,,MOHAMED FARVAS. J,TVK,73244,40.08,RAMACHANDRAN . T,INC,63182,34.58,10062,182730,Result Declared,https://results.eci.gov.in/ResultAcGenMay2026/ConstituencywiseS22183.htm,04:18 PM On 05/05/2026,official_public_snapshot_2026_05_05_1618
Tamil Nadu,2026,184,KARAIKUDI,Sivaganga,,DR.PRABHU. TK,TVK,101358,44.21,MANGUDI. S,INC,55284,24.11,46074,229267,Result Declared,https://results.eci.gov.in/ResultAcGenMay2026/ConstituencywiseS22184.htm,04:18 PM On 05/05/2026,official_public_snapshot_2026_05_05_1618
Tamil Nadu,2026,185,TIRUPPATTUR,Sivaganga,,SEENIVASA SETHUPATHY. R,TVK,83375,38.65,PERIAKARUPPAN. KR,DMK,83374,38.65,1,215710,Result Declared,https://results.eci.gov.in/ResultAcGenMay2026/ConstituencywiseS22185.htm,04:18 PM On 05/05/2026,official_public_snapshot_2026_05_05_1618
Tamil Nadu,2026,186,SIVAGANGA,Sivaganga,,KULANTHAI RANI A,TVK,73737,34.45,SENTHILNATHAN PR,ADMK,58656,27.4,15081,214067,Result Declared,https://results.eci.gov.in/ResultAcGenMay2026/ConstituencywiseS22186.htm,04:18 PM On 05/05/2026,official_public_snapshot_2026_05_05_1618
Tamil Nadu,2026,187,MANAMADURAI,Sivaganga,,ELANGOVAN.D,TVK,69971,33.54,TAMILARASI.A,DMK,68763,32.96,1208,208643,Result Declared,https://results.eci.gov.in/ResultAcGenMay2026/ConstituencywiseS22187.htm,04:18 PM On 05/05/2026,official_public_snapshot_2026_05_05_1618
Tamil Nadu,2026,188,MELUR,Madurai,,P.VISWANATHAN,INC,60080,31.5,A.MADURAIVEERAN,TVK,57356,30.07,2724,190726,Result Declared,https://results.eci.gov.in/ResultAcGenMay2026/ConstituencywiseS22188.htm,04:18 PM On 05/05/2026,official_public_snapshot_2026_05_05_1618
Tamil Nadu,2026,189,MADURAI EAST,Madurai,,KARTHIKEYAN S,TVK,118777,43.74,MOORTHY P,DMK,102230,37.64,16547,271566,Result Declared,https://results.eci.gov.in/ResultAcGenMay2026/ConstituencywiseS22189.htm,04:18 PM On 05/05/2026,official_public_snapshot_2026_05_05_1618
Tamil Nadu,2026,190,SHOLAVANDAN,Madurai,,KARUPPAIAH.M.V,TVK,63907,33.8,VENKATESAN.A,DMK,61229,32.38,2678,189080,Result Declared,https://results.eci.gov.in/ResultAcGenMay2026/ConstituencywiseS22190.htm,04:18 PM On 05/05/2026,official_public_snapshot_2026_05_05_1618
Tamil Nadu,2026,191,MADURAI NORTH,Madurai,,A.KALLANAI,TVK,72853,45.03,G.THALAPATHI,DMK,54815,33.88,18038,161801,Result Declared,https://results.eci.gov.in/ResultAcGenMay2026/ConstituencywiseS22191.htm,04:18 PM On 05/05/2026,official_public_snapshot_2026_05_05_1618
Tamil Nadu,2026,192,MADURAI SOUTH,Madurai,,M.M.GOPISON,TVK,62415,44.11,M.BOOMINATHAN,DMK,40886,28.89,21529,141503,Result Declared,https://results.eci.gov.in/ResultAcGenMay2026/ConstituencywiseS22192.htm,04:18 PM On 05/05/2026,official_public_snapshot_2026_05_05_1618
Tamil Nadu,2026,193,MADURAI CENTRAL,Madurai,,MADHAR BADHURUDEEN,TVK,63414,42.68,PALANIVEL THIAGA RAJAN,DMK,44286,29.8,19128,148586,Result Declared,https://results.eci.gov.in/ResultAcGenMay2026/ConstituencywiseS22193.htm,04:18 PM On 05/05/2026,official_public_snapshot_2026_05_05_1618
Tamil Nadu,2026,194,MADURAI WEST,Madurai,,THANGAPANDI SR,TVK,88250,40.78,BALAJI R,DMK,76319,35.27,11931,216403,Result Declared,https://results.eci.gov.in/ResultAcGenMay2026/ConstituencywiseS22194.htm,04:18 PM On 05/05/2026,official_public_snapshot_2026_05_05_1618
Tamil Nadu,2026,195,THIRUPARANKUNDRAM,Madurai,,NIRMALKUMAR. R.,TVK,114316,44.75,KIRUTHIGA THANGAPANDI,DMK,72763,28.48,41553,255466,Result Declared,https://results.eci.gov.in/ResultAcGenMay2026/ConstituencywiseS22195.htm,04:18 PM On 05/05/2026,official_public_snapshot_2026_05_05_1618
Tamil Nadu,2026,196,THIRUMANGALAM,Madurai,,MANIMARAN.M,DMK,88291,38.22,UDHAYAKUMAR.R.B,ADMK,64484,27.92,23807,230980,Result Declared,https://results.eci.gov.in/ResultAcGenMay2026/ConstituencywiseS22196.htm,04:18 PM On 05/05/2026,official_public_snapshot_2026_05_05_1618
Tamil Nadu,2026,197,USILAMPATTI,Madurai,,VIJAY. M,TVK,65743,29.34,MAHENDRAN. I,ADMK,63938,28.54,1805,224048,Result Declared,https://results.eci.gov.in/ResultAcGenMay2026/ConstituencywiseS22197.htm,04:18 PM On 05/05/2026,official_public_snapshot_2026_05_05_1618
Tamil Nadu,2026,198,ANDIPATTI,Theni,,MAHARAJAN.A,DMK,74324,34.2,PANDI.V,TVK,64770,29.8,9554,217329,Result Declared,https://results.eci.gov.in/ResultAcGenMay2026/ConstituencywiseS22198.htm,04:18 PM On 05/05/2026,official_public_snapshot_2026_05_05_1618
Tamil Nadu,2026,199,PERIYAKULAM,Theni,,SABARI IYNGARAN G.,TVK,85656,40.56,SAKTHIVEL P.,VCK,66335,31.41,19321,211209,Result Declared,https://results.eci.gov.in/ResultAcGenMay2026/ConstituencywiseS22199.htm,04:18 PM On 05/05/2026,official_public_snapshot_2026_05_05_1618
Tamil Nadu,2026,200,BODINAYAKANUR,Theni,,PANNEERSELVAM.O,DMK,85206,38.62,PRAKASH.S,TVK,78401,35.54,6805,220628,Result Declared,https://results.eci.gov.in/ResultAcGenMay2026/ConstituencywiseS22200.htm,04:18 PM On 05/05/2026,official_public_snapshot_2026_05_05_1618
Tamil Nadu,2026,201,CUMBUM,Theni,,JEGANATHMISHRA PLA,TVK,85394,40.55,ERAMAKRISHNAN N,DMK,84643,40.2,751,210574,Result Declared,https://results.eci.gov.in/ResultAcGenMay2026/ConstituencywiseS22201.htm,04:18 PM On 05/05/2026,official_public_snapshot_2026_05_05_1618
Tamil Nadu,2026,202,RAJAPALAYAM,Virudhunagar,,JEGADESHWARI. K,TVK,65548,35.81,THANGAPANDIAN. S,DMK,54943,30.02,10605,183020,Result Declared,https://results.eci.gov.in/ResultAcGenMay2026/ConstituencywiseS22202.htm,04:18 PM On 05/05/2026,official_public_snapshot_2026_05_05_1618
Tamil Nadu,2026,203,SRIVILLIPUTHUR,Virudhunagar,,KARTHIK.A,TVK,65653,33.93,MAHALINGAM.P,CPI,57072,29.5,8581,193471,Result Declared,https://results.eci.gov.in/ResultAcGenMay2026/ConstituencywiseS22203.htm,04:18 PM On 05/05/2026,official_public_snapshot_2026_05_05_1618
Tamil Nadu,2026,204,SATTUR,Virudhunagar,,KADARKARAIRAJ. A,DMK,62060,31.23,NAINAR NAGENTHRAN,BJP,56071,28.21,5989,198734,Result Declared,https://results.eci.gov.in/ResultAcGenMay2026/ConstituencywiseS22204.htm,04:18 PM On 05/05/2026,official_public_snapshot_2026_05_05_1618
Tamil Nadu,2026,205,SIVAKASI,Virudhunagar,,KEERTHANA S,TVK,68709,35.51,ASHOKAN G,INC,57039,29.47,11670,193517,Result Declared,https://results.eci.gov.in/ResultAcGenMay2026/ConstituencywiseS22205.htm,04:18 PM On 05/05/2026,official_public_snapshot_2026_05_05_1618
Tamil Nadu,2026,206,VIRUDHUNAGAR,Virudhunagar,,SELVAM P,TVK,63653,37.93,VIJAYAPRABHAKAR,DMDK,54262,32.33,9391,167832,Result Declared,https://results.eci.gov.in/ResultAcGenMay2026/ConstituencywiseS22206.htm,04:18 PM On 05/05/2026,official_public_snapshot_2026_05_05_1618
Tamil Nadu,2026,207,ARUPPUKKOTTAI,Virudhunagar,,RAMACHANDRAN. K.K.S.S.R,DMK,65104,36.49,KARTHIK KUMAR. K,TVK,60161,33.72,4943,178413,Result Declared,https://results.eci.gov.in/ResultAcGenMay2026/ConstituencywiseS22207.htm,04:18 PM On 05/05/2026,official_public_snapshot_2026_05_05_1618
Tamil Nadu,2026,208,TIRUCHULI,Virudhunagar,,THANGAM THENARASU,DMK,75085,41.43,SAMAYAN.S,TVK,61600,33.99,13485,181250,Result Declared,https://results.eci.gov.in/ResultAcGenMay2026/ConstituencywiseS22208.htm,04:18 PM On 05/05/2026,official_public_snapshot_2026_05_05_1618
Tamil Nadu,2026,209,PARAMAKUDI,Ramanathapuram,,ADVOCATE. KATHIRAVAN. K.K,DMK,59161,31.18,GOPIRAJAN. G,TVK,55613,29.31,3548,189753,Result Declared,https://results.eci.gov.in/ResultAcGenMay2026/ConstituencywiseS22209.htm,04:18 PM On 05/05/2026,official_public_snapshot_2026_05_05_1618
Tamil Nadu,2026,210,TIRUVADANAI,Ramanathapuram,,RAJEEV,TVK,69551,31.57,RM. KARUMANICKAM,INC,67038,30.43,2513,220278,Result Declared,https://results.eci.gov.in/ResultAcGenMay2026/ConstituencywiseS22210.htm,04:18 PM On 05/05/2026,official_public_snapshot_2026_05_05_1618
Tamil Nadu,2026,211,RAMANATHAPURAM,Ramanathapuram,,KATHARBATCHA MUTHURAMALINGAM,DMK,89137,37.52,SHAHUL HAMEED,TVK,76678,32.28,12459,237576,Result Declared,https://results.eci.gov.in/ResultAcGenMay2026/ConstituencywiseS22211.htm,04:18 PM On 05/05/2026,official_public_snapshot_2026_05_05_1618
Tamil Nadu,2026,212,MUDHUKULATHUR,Ramanathapuram,,R.S.RAJAKANNAPPAN,DMK,68003,29.39,MALARVIZHI. B,TVK,51405,22.22,16598,231373,Result Declared,https://results.eci.gov.in/ResultAcGenMay2026/ConstituencywiseS22212.htm,04:18 PM On 05/05/2026,official_public_snapshot_2026_05_05_1618
Tamil Nadu,2026,213,VILATHIKULAM,Thoothukudi,,MARKANDAYAN G V,DMK,58395,33.4,P. KASIRAM,TVK,50167,28.7,8228,174814,Result Declared,https://results.eci.gov.in/ResultAcGenMay2026/ConstituencywiseS22213.htm,04:18 PM On 05/05/2026,official_public_snapshot_2026_05_05_1618
Tamil Nadu,2026,214,THOOTHUKKUDI,Thoothukudi,,SRINATH,TVK,100536,49.11,P. GEETHA JEEVAN,DMK,62805,30.68,37731,204712,Result Declared,https://results.eci.gov.in/ResultAcGenMay2026/ConstituencywiseS22214.htm,04:18 PM On 05/05/2026,official_public_snapshot_2026_05_05_1618
Tamil Nadu,2026,215,TIRUCHENDUR,Thoothukudi,,ANITHA R. RADHAKRISHNAN,DMK,72723,39.09,J. MURUGAN,TVK,66851,35.93,5872,186050,Result Declared,https://results.eci.gov.in/ResultAcGenMay2026/ConstituencywiseS22215.htm,04:18 PM On 05/05/2026,official_public_snapshot_2026_05_05_1618
Tamil Nadu,2026,216,SRIVAIKUNTAM,Thoothukudi,,SARAVANAN. G,TVK,58814,33.34,SHANMUGANATHAN. S. P,ADMK,57628,32.67,1186,176421,Result Declared,https://results.eci.gov.in/ResultAcGenMay2026/ConstituencywiseS22216.htm,04:18 PM On 05/05/2026,official_public_snapshot_2026_05_05_1618
Tamil Nadu,2026,217,OTTAPIDARAM,Thoothukudi,,P .MATHANRAJA,TVK,81625,41.62,P.M.RAMAJEYAM,DMK,52542,26.79,29083,196117,Result Declared,https://results.eci.gov.in/ResultAcGenMay2026/ConstituencywiseS22217.htm,04:18 PM On 05/05/2026,official_public_snapshot_2026_05_05_1618
Tamil Nadu,2026,218,KOVILPATTI,Thoothukudi,,KARUNANITHI.K,DMK,61643,31.74,BALASUBRAMANIAN.S,TVK,60800,31.3,843,194232,Result Declared,https://results.eci.gov.in/ResultAcGenMay2026/ConstituencywiseS22218.htm,04:18 PM On 05/05/2026,official_public_snapshot_2026_05_05_1618
Tamil Nadu,2026,219,SANKARANKOVIL,Tenkasi,,DR. DHILIPAN JAISHANKAR,ADMK,64865,33.01,C. RAMARAJAN,TVK,58376,29.71,6489,196480,Result Declared,https://results.eci.gov.in/ResultAcGenMay2026/ConstituencywiseS22219.htm,04:18 PM On 05/05/2026,official_public_snapshot_2026_05_05_1618
Tamil Nadu,2026,220,VASUDEVANALLUR,Tenkasi,,E. RAJA,DMK,63045,33.22,ANANTHAN AYYASAMY,BJP,56462,29.75,6583,189795,Result Declared,https://results.eci.gov.in/ResultAcGenMay2026/ConstituencywiseS22220.htm,04:18 PM On 05/05/2026,official_public_snapshot_2026_05_05_1618
Tamil Nadu,2026,221,KADAYANALLUR,Tenkasi,,RAJENDRAN. T. M,DMK,79832,35.97,C. KRISHNAMURALI,ADMK,73579,33.15,6253,221951,Result Declared,https://results.eci.gov.in/ResultAcGenMay2026/ConstituencywiseS22221.htm,04:18 PM On 05/05/2026,official_public_snapshot_2026_05_05_1618
Tamil Nadu,2026,222,TENKASI,Tenkasi,,DR.KALAI KATHIRAVAN,DMK,79699,33.92,S.SELVA MOHANDAS PANDIAN,ADMK,69400,29.53,10299,234987,Result Declared,https://results.eci.gov.in/ResultAcGenMay2026/ConstituencywiseS22222.htm,04:18 PM On 05/05/2026,official_public_snapshot_2026_05_05_1618
Tamil Nadu,2026,223,ALANGULAM,Tenkasi,,PAUL MANOJ PANDIAN,DMK,69170,31.32,K R P PRABAKARAN,ADMK,61372,27.79,7798,220857,Result Declared,https://results.eci.gov.in/ResultAcGenMay2026/ConstituencywiseS22223.htm,04:18 PM On 05/05/2026,official_public_snapshot_2026_05_05_1618
Tamil Nadu,2026,224,TIRUNELVELI,Tirunelveli,,MURUGHAN.R.S.,TVK,75840,34.72,SUBRAMANIAN.S,DMK,64426,29.5,11414,218425,Result Declared,https://results.eci.gov.in/ResultAcGenMay2026/ConstituencywiseS22224.htm,04:18 PM On 05/05/2026,official_public_snapshot_2026_05_05_1618
Tamil Nadu,2026,225,AMBASAMUDRAM,Tirunelveli,,DR.ESAKKI SUBAYA,ADMK,65589,34.3,V.P.DURAI,INC,55344,28.95,10245,191195,Result Declared,https://results.eci.gov.in/ResultAcGenMay2026/ConstituencywiseS22225.htm,04:18 PM On 05/05/2026,official_public_snapshot_2026_05_05_1618
Tamil Nadu,2026,226,PALAYAMKOTTAI,Tirunelveli,,M.ABDUL WAHAB,DMK,79744,44.15,MARIA JOHN,TVK,65939,36.51,13805,180620,Result Declared,https://results.eci.gov.in/ResultAcGenMay2026/ConstituencywiseS22226.htm,04:18 PM On 05/05/2026,official_public_snapshot_2026_05_05_1618
Tamil Nadu,2026,227,NANGUNERI,Tirunelveli,,REDDIARPATTI V. NARAYANAN,TVK,74952,35.79,RUBY.R.MANOHARAN,INC,58533,27.95,16419,209419,Result Declared,https://results.eci.gov.in/ResultAcGenMay2026/ConstituencywiseS22227.htm,04:18 PM On 05/05/2026,official_public_snapshot_2026_05_05_1618
Tamil Nadu,2026,228,RADHAPURAM,Tirunelveli,,DR.SATHISH CHRISTOPHER,TVK,69947,34.99,APPAVU.M,DMK,57634,28.83,12313,199931,Result Declared,https://results.eci.gov.in/ResultAcGenMay2026/ConstituencywiseS22228.htm,04:18 PM On 05/05/2026,official_public_snapshot_2026_05_05_1618
Tamil Nadu,2026,229,KANNIYAKUMARI,Kanniyakumari,,THALAVAI SUNDARAM. N,ADMK,75045,31.38,MAHESH.R,DMK,74831,31.29,214,239150,Result Declared,https://results.eci.gov.in/ResultAcGenMay2026/ConstituencywiseS22229.htm,04:18 PM On 05/05/2026,official_public_snapshot_2026_05_05_1618
Tamil Nadu,2026,230,NAGERCOIL,Kanniyakumari,,AUSTIN,DMK,69880,35.6,BERVIN KINGS G,TVK,62310,31.75,7570,196280,Result Declared,https://results.eci.gov.in/ResultAcGenMay2026/ConstituencywiseS22230.htm,04:18 PM On 05/05/2026,official_public_snapshot_2026_05_05_1618
Tamil Nadu,2026,231,COLACHAL,Kanniyakumari,,THARAHAI CUTHBERT,INC,66207,33.27,PREM ALEX LAWRENCE,TVK,63374,31.84,2833,199013,Result Declared,https://results.eci.gov.in/ResultAcGenMay2026/ConstituencywiseS22231.htm,04:18 PM On 05/05/2026,official_public_snapshot_2026_05_05_1618
Tamil Nadu,2026,232,PADMANABHAPURAM,Kanniyakumari,,CHELLASWAMY. R,CPI(M),68938,38.18,KRISHNA KUMAR. S,TVK,53369,29.56,15569,180555,Result Declared,https://results.eci.gov.in/ResultAcGenMay2026/ConstituencywiseS22232.htm,04:18 PM On 05/05/2026,official_public_snapshot_2026_05_05_1618
Tamil Nadu,2026,233,VILAVANCODE,Kanniyakumari,,PRAVEEN T.T,INC,70755,40.45,MICHAEL KUMAR K,TVK,49785,28.46,20970,174927,Result Declared,https://results.eci.gov.in/ResultAcGenMay2026/ConstituencywiseS22233.htm,04:18 PM On 05/05/2026,official_public_snapshot_2026_05_05_1618
Tamil Nadu,2026,234,KILLIYOOR,Kanniyakumari,,RAJESH KUMAR. S,INC,66434,37.42,SABIN. S,TVK,65123,36.68,1311,177534,Result Declared,https://results.eci.gov.in/ResultAcGenMay2026/ConstituencywiseS22234.htm,04:18 PM On 05/05/2026,official_public_snapshot_2026_05_05_1618
